id,Check,checkingpeer,state,time
3,2,ironbelg,Start,10:15:15
4,2,ironbelg,Failure,10:30:15
5,3,amazomuc,Start,10:45:15
6,3,amazomuc,Success,11:00:15
7,4,amazomuc,Start,11:15:15
8,4,amazomuc,Success,11:30:15
9,5,ironbelg,Start,11:45:15
10,5,ironbelg,Success,12:00:15
11,6,kaleysha,Start,12:15:15
12,6,kaleysha,Success,12:30:15
13,7,kaleysha,Start,12:45:15
14,7,kaleysha,Success,13:00:15
15,8,gerrerav,Start,13:15:15
16,8,gerrerav,Failure,13:30:15
17,9,amazomuc,Start,13:45:15
18,9,amazomuc,Success,14:00:15
19,10,ketnetka,Start,14:15:15
20,10,ketnetka,Success,14:30:15
21,11,kaleysha,Start,14:45:15
22,11,kaleysha,Success,15:00:15
23,12,ironbelg,Start,15:15:15
24,12,ironbelg,Success,15:30:15
25,13,amazomuc,Start,15:45:15
26,13,amazomuc,Success,16:00:15
27,14,cringuer,Start,16:15:15
28,14,cringuer,Success,16:30:15
29,15,gertruer,Start,16:45:15
30,15,gertruer,Success,17:00:15
31,16,seakingc,Start,17:15:15
32,16,seakingc,Success,17:30:15
33,17,gertruer,Start,17:45:15
34,17,gertruer,Success,18:00:15
35,18,cringuer,Start,18:15:15
36,18,cringuer,Success,18:30:15
37,19,gerrerav,Start,18:45:15
38,19,gerrerav,Success,19:00:15
39,20,kaleysha,Start,19:15:15
40,20,kaleysha,Success,19:30:15
41,21,cringuer,Start,19:45:15
42,21,cringuer,Success,20:00:15
43,22,rosamonj,Start,20:15:15
44,22,rosamonj,Failure,20:30:15
45,23,gertruer,Start,20:45:15
46,23,gertruer,Success,21:00:15
47,24,ironbelg,Start,21:15:15
48,24,ironbelg,Success,21:30:15
49,25,gerrerav,Start,21:45:15
50,25,gerrerav,Success,22:00:15
51,26,rosamonj,Start,22:15:15
52,26,rosamonj,Failure,22:30:15
53,27,gertruer,Start,22:45:15
54,27,gertruer,Success,23:00:15
55,28,kaleysha,Start,08:15:00
56,28,kaleysha,Success,08:30:00
57,29,kaleysha,Start,08:45:00
58,29,kaleysha,Success,09:00:00
59,30,rosamonj,Start,09:15:00
60,30,rosamonj,Success,09:30:00
61,31,ketnetka,Start,09:45:00
62,31,ketnetka,Success,10:00:00
63,32,cringuer,Start,10:15:00
64,32,cringuer,Success,10:30:00
65,33,amazomuc,Start,10:45:00
66,33,amazomuc,Success,11:00:00
67,34,rosamonj,Start,11:15:00
68,34,rosamonj,Failure,11:30:00
69,35,seakingc,Start,11:45:00
70,35,seakingc,Success,12:00:00
71,36,rosamonj,Start,12:15:00
72,36,rosamonj,Success,12:30:00
73,37,gertruer,Start,12:45:00
74,37,gertruer,Success,13:00:00
75,38,cringuer,Start,13:15:00
76,38,cringuer,Success,13:30:00
77,39,ironbelg,Start,13:45:00
78,39,ironbelg,Success,14:00:00
79,40,rosamonj,Start,14:15:00
80,40,rosamonj,Success,14:30:00
81,41,rosamonj,Start,14:45:00
82,41,rosamonj,Success,15:00:00
83,42,ironbelg,Start,15:15:00
84,42,ironbelg,Success,15:30:00
85,43,gerrerav,Start,15:45:00
86,43,gerrerav,Success,16:00:00
87,44,seakingc,Start,16:15:00
88,44,seakingc,Success,16:30:00
89,45,amazomuc,Start,16:45:00
90,45,amazomuc,Success,17:00:00
91,46,kaleysha,Start,17:15:00
92,46,kaleysha,Success,17:30:00
93,47,ketnetka,Start,17:45:00
94,47,ketnetka,Success,18:00:00
95,48,kaleysha,Start,18:15:00
96,48,kaleysha,Success,18:30:00
97,49,ironbelg,Start,18:45:00
98,49,ironbelg,Success,19:00:00
99,50,gertruer,Start,19:15:00
100,50,gertruer,Success,19:30:00
101,51,gerrerav,Start,19:45:00
102,51,gerrerav,Success,20:00:00
103,52,kaleysha,Start,20:15:00
104,52,kaleysha,Success,20:30:00
105,53,gertruer,Start,20:45:00
106,53,gertruer,Success,21:00:00
107,54,ketnetka,Start,21:15:00
108,54,ketnetka,Success,21:30:00
109,55,amazomuc,Start,21:45:00
110,55,amazomuc,Success,22:00:00
111,56,ketnetka,Start,22:15:00
112,56,ketnetka,Success,22:30:00
113,57,ketnetka,Start,22:45:00
114,57,ketnetka,Success,23:00:00
115,58,gertruer,Start,23:15:00
116,58,gertruer,Success,23:30:00
117,59,seakingc,Start,08:15:00
118,59,seakingc,Success,08:30:00
119,60,kaleysha,Start,08:45:00
120,60,kaleysha,Success,09:00:00
121,61,amazomuc,Start,09:15:00
122,61,amazomuc,Success,09:30:00
123,62,ketnetka,Start,09:45:00
124,62,ketnetka,Success,10:00:00
125,63,cringuer,Start,10:15:00
126,63,cringuer,Success,10:30:00
127,64,amazomuc,Start,10:45:00
128,64,amazomuc,Success,11:00:00
129,65,kaleysha,Start,11:15:00
130,65,kaleysha,Success,11:30:00
131,66,gerrerav,Start,11:45:00
132,66,gerrerav,Success,12:00:00
133,67,ironbelg,Start,12:15:00
134,67,ironbelg,Success,12:30:00
135,68,gertruer,Start,12:45:00
136,68,gertruer,Success,13:00:00
137,69,seakingc,Start,13:15:00
138,69,seakingc,Success,13:30:00
139,70,kaleysha,Start,13:45:00
140,70,kaleysha,Success,14:00:00
141,71,kaleysha,Start,14:15:00
142,71,kaleysha,Success,14:30:00
143,72,ketnetka,Start,14:45:00
144,72,ketnetka,Success,15:00:00
145,73,amazomuc,Start,15:15:00
146,73,amazomuc,Success,15:30:00
147,74,gerrerav,Start,15:45:00
148,74,gerrerav,Success,16:00:00
149,75,ketnetka,Start,16:15:00
150,75,ketnetka,Success,16:30:00
151,76,amazomuc,Start,16:45:00
152,76,amazomuc,Success,17:00:00
153,77,gertruer,Start,17:15:00
154,77,gertruer,Success,17:30:00
155,78,cringuer,Start,17:45:00
156,78,cringuer,Success,18:00:00
157,79,seakingc,Start,18:15:00
158,79,seakingc,Success,18:30:00
159,80,ironbelg,Start,18:45:00
160,80,ironbelg,Success,19:00:00
161,81,ironbelg,Start,19:15:00
162,81,ironbelg,Success,19:30:00
163,82,ketnetka,Start,19:45:00
164,82,ketnetka,Success,20:00:00
165,83,ketnetka,Start,20:15:00
166,83,ketnetka,Success,20:30:00
167,84,rosamonj,Start,20:45:00
168,84,rosamonj,Success,21:00:00
169,85,kaleysha,Start,21:15:00
170,85,kaleysha,Success,21:30:00
171,86,kaleysha,Start,21:45:00
172,86,kaleysha,Success,22:00:00
173,87,amazomuc,Start,22:15:00
174,87,amazomuc,Success,22:30:00
175,88,kaleysha,Start,22:45:00
176,88,kaleysha,Success,23:00:00
177,89,seakingc,Start,23:15:00
178,89,seakingc,Success,23:30:00
179,90,gertruer,Start,08:15:00
180,90,gertruer,Success,08:30:00
181,91,seakingc,Start,08:45:00
182,91,seakingc,Success,09:00:00
183,92,cringuer,Start,09:15:00
184,92,cringuer,Success,09:30:00
185,93,cringuer,Start,09:45:00
186,93,cringuer,Success,10:00:00
187,94,cringuer,Start,10:15:00
188,94,cringuer,Success,10:30:00
189,95,gertruer,Start,10:45:00
190,95,gertruer,Success,11:00:00
191,96,cringuer,Start,11:15:00
192,96,cringuer,Success,11:30:00
193,97,gerrerav,Start,11:45:00
194,97,gerrerav,Success,12:00:00
195,98,gertruer,Start,12:15:00
196,98,gertruer,Failure,12:30:00
197,99,kaleysha,Start,12:45:00
198,99,kaleysha,Success,13:00:00
199,100,amazomuc,Start,13:15:00
200,100,amazomuc,Success,13:30:00
201,101,gerrerav,Start,13:45:00
202,101,gerrerav,Success,14:00:00
